filename	ATTRIBUTE_origin	ATTRIBUTE_leaf.resin	ATTRIBUTE_pollination	ATTRIBUTE_traditional.use	ATTRIBUTE_antibacterial.activity	ATTRIBUTE_leaf.hairiness	ATTRIBUTE_phylo.clade	ATTRIBUTE_phylo.clade.general	ATTRIBUTE_biogeography	ATTRIBUTE_sample.weight.mg
002_RMF49_6ul_BA2_01_22632.mzML	Eremophila_Wubin_north_RMF49	0	0	0	NA	1	h3	h3	1	18.1
006_RMF53_6ul_BA6_01_22636.mzML	Eremophila_glabra_paynes_find_RMF53	1	1	0	NA	1	h14	h14	1	6.9
007_RMF54_6ul_BA7_01_22637.mzML	Eremophila_platycalyx_granite_RMF54	0	1	0	NA	1	h11	h11	1	14.8
008_RMF55_6ul_BA8_01_22638.mzML	Eremophila_aff_anomala_RMF55	0	0	0	NA	1	h10	h10	1	13.4
009_RMF56_6ul_BB1_01_22639.mzML	Eremophila_aff_pungens_RMF56	1	0	0	NA	1	h12	h12	1	5.7
011_RMF58_6ul_BB3_01_22647.mzML	Eremophila_galeata_RMF58	1	1	0	1	1	h11	h11	1	12
012_RMF59_6ul_BB4_01_22648.mzML	Eremophila_demissa_RMF59	0	0	0	NA	1	h10	h10	1	7.2
014_RMF61_6ul_BB6_01_22650.mzML	Eremophila_spectabilis_spectabilis_RMF61	1	0	0	NA	1	h12	h12	1	12
017_RMF64_6ul_BC1_01_22653.mzML	Eremophila_lanceolata_RMF64	1	0	0	NA	0	h12	h12	1	9.6
018_RMF65_6ul_BC2_01_22654.mzML	Eremophila_appressa_RMF65	1	0	0	NA	0	h12	h12	1	7
019_RMF66_6ul_BC3_01_22655.mzML	Eremophila_petrophila_petrophila_RMF66	1	0	0	NA	0	h12	h12	1	8.9
020_RMF67_6ul_BC4_01_22656.mzML	Eremophila_flaccida_flaccida_RMF67	1	1	0	NA	0	h11	h11	1	14.2
021_RMF68_6ul_BC5_01_22657.mzML	Eremophila_caespitosa_RMF68	0	0	0	NA	1	h10	h10	1	10.4
022_RMF69_6ul_BC6_01_22658.mzML	Eremophila_incisa_RMF69	1	0	0	NA	0	h12	h12	1	9.5
023_RMF70_6ul_BC7_01_22659.mzML	Eremophila_fraseri_fraseri_RMF70	1	1	1	NA	1	h11	h11	1	12.4
025_RMF72_6ul_BD1_01_22661.mzML	Eremophila_latrobei_filiformis_RMF72	0	1	1	NA	1	h10	h10	1	15.7
026_RMF73_6ul_BD2_01_22662.mzML	Eremophila_youngii_lepidota_RMF73	0	1	0	NA	0	h3	h3	1	12.1
027_RMF74_6ul_BD3_01_22663.mzML	Eremophila_tietkensii_hamersley_RMF74	0	0	0	0	1	h11	h11	1	11.8
028_RMF75_6ul_BD4_01_22664.mzML	Eremophila_jucunda_pulcherrima_RMF75	0	0	0	NA	1	h10	h10	1	6.9
030_RMF77_6ul_BD6_01_22666.mzML	Eremophila_aff_rhegos_RMF77	0	0	0	NA	1	h10	h10	1	6.3
032_RMF79_6ul_BD8_01_22668.mzML	Eremophila_cuneifolia_RMF79	1	0	1	1	1	h11	h11	1	12.8
034_RMF81_6ul_BE2_01_22670.mzML	Eremophila_humilis_RMF81	0	0	0	NA	1	h10	h10	1	12
035_RMF82_6ul_BE3_01_22671.mzML	Eremophila_demissa_RMF82	0	0	0	NA	1	h10	h10	1	12.2
038_RMF85_4ul_GE6_01_22220.mzML	Eremophila_platycalyx_Milgen_RMF85	0	1	0	NA	1	h11	h11	1	12.5
040_RMF87_4ul_GE8_01_22222.mzML	Eremophila_obliquasepala_RMF87	0	0	0	NA	1	h12	h12	1	10.9
041_RMF88_4ul_BA1_01_22225.mzML	Eremophila_fraseri_RMF88	1	1	1	NA	1	h11	h11	1	17.9
042_RMF89_4ul_BA2_01_22226.mzML	Eremophila_yarlarweelor_RMF89	0	0	0	NA	1	h10	h10	1	9
043_RMF90_4ul_BA3_01_22227.mzML	Eremophila_fraseri_parva_RMF90	1	1	0	NA	0	h11	h11	1	11.3
045_RMF92_4ul_BA5_01_22229.mzML	Eremophila_buirchellii_RMF92	0	0	0	NA	1	h10	h10	1	16.9
046_RMF93_4ul_BA6_01_22230.mzML	Eremophila_conferta_RMF93	0	0	0	NA	1	h10	h10	1	8.3
047_RMF94_4ul_BA7_01_22231.mzML	Eremophila_cuneifolia_RMF94	1	0	1	1	1	h11	h11	1	12.2
049_RMF96_4ul_BB1_01_22233.mzML	Eremophila_yinnetharrensis_RMF96	0	0	0	NA	1	h10	h10	1	5.5
050_RMF97_4ul_BB2_01_22234.mzML	Eremophila_rhegos_RMF97	0	0	0	NA	1	h10	h10	1	7.8
052_RMF99_4ul_BB4_01_22236.mzML	Eremophila_recurva_RMF99	0	0	0	NA	1	h10	h10	1	12.4
053_RMF100_4ul_BB5_01_22237.mzML	Eremophila_tietkensii_RMF100	0	0	0	0	1	h11	h11	1	6.7
054_RMF101_4ul_BB6_01_22238.mzML	Eremophila_aff_compacta_RMF101	0	0	0	NA	1	h10	h10	1	6.8
055_RMF102_4ul_BB7_01_22239.mzML	Eremophila_petrophila_densa_RMF102	1	0	0	NA	1	h12	h12	1	15.1
056_RMF103_4ul_BB8_01_22240.mzML	Eremophila_crenulata_RMF103	1	0	0	1	1	h11	h11	1	12.6
057_RMF104_4ul_BC1_01_22241.mzML	Eremophila_pterocarpa_pterocarpa_RMF104	0	1	0	0	1	h10	h10	1	9.8
058_RMF105_4ul_BC2_01_22242.mzML	Eremophila_platycalyx_platycalyx_RMF105	0	1	0	NA	1	h11	h11	1	11
059_RMF106_4ul_BC3_01_22243.mzML	Eremophila_strongylophylla_RMF106	0	0	0	0	1	h1	h	1	11.6
060_RMF107_4ul_BC4_01_22244.mzML	Eremophila_clarkei_RMF107	1	0	0	0	1	h12	h12	1	14.8
062_RMF109_4ul_BC6_01_22248.mzML	Eremophila_laanii_RMF109	0	1	0	0	1	d	ag	1	12.8
063_RMF110_4ul_BC7_01_22249.mzML	Eremophila_simulans_megacalyx_RMF110	1	0	0	NA	1	h12	h12	1	11.9
064_RMF212_4ul_BC8_01_22250.mzML	Eremophila_succinea_RMF212	1	0	0	NA	0	h13	h	1	11.2
065_RMF113_4ul_BD1_01_22251.mzML	Eremophila_stenophylla_RMF113	0	1	0	0	0	h3	h3	1	12.7
066_RMF114_4ul_BD2_01_22252.mzML	Eremophila_gibsonii_RMF114	1	0	0	0	0	h6	h	1	11.6
067_RMF115_4ul_BD3_01_22253.mzML	Eremophila_ovata_RMF115	0	0	0	0	1	h1	h	1	11.4
068_RMF117_4ul_BD4_01_22254.mzML	Eremophila_glabra_juana_rock_RMF117	1	1	0	NA	1	h14	h14	1	9.8
069_RMF118_4ul_BD5_01_22255.mzML	Eremophila_linsmithii_RMF118	1	0	0	NA	1	h11	h11	1	8.6
070_RMF119_4ul_BD6_01_22256.mzML	Eremophila_pentaptera_RMF119	0	0	0	0	1	d	ag	1	15.6
071_RMF120_4ul_BD7_01_22257.mzML	Eremophila_battii_RMF120	0	0	0	NA	1	h12	h12	1	13.5
072_RMF121_4ul_BD8_01_22258.mzML	Eremophila_mirabilis_RMF121	1	1	0	NA	1	h11	h11	1	15.1
073_RMF122_4ul_BE1_01_22259.mzML	Eremophila_glabra_chlorella_RMF122	1	1	0	NA	1	h14	h14	2	11.4
074_RMF123_6ul_BE2_01_22260.mzML	Eremophila_sargentii_RMF123	1	0	0	0	0	h14	h14	1	9
075_RMF124_6ul_BE3_01_22261.mzML	Eremophila_acrida_RMF124	0	0	0	1	1	h12	h12	1	11.1
076_RMF125_6ul_BE4_01_22262.mzML	Eremophila_adenotricha_RMF125	0	0	0	0	1	0	h	1	10.3
077_RMF126_6ul_BE5_01_22263.mzML	Eremophila_parvifolia_parvifolia_RMF126	0	0	0	0	1	h3	h3	1	11.3
078_RMF127_6ul_BE6_01_22264.mzML	Eremophila_obovata_glabriuscula_RMF127	0	0	0	NA	0	h10	h10	1	12.6
079_RMF128_6ul_BE7_01_22265.mzML	Eremophila_obovata_obovata_RMF128	0	0	0	NA	1	h10	h10	1	10.2
080_MJB2350_6ul_BE8_01_22266.mzML	Eremophila_denticulata_denticulata_MJB2350	1	1	0	1	0	h14	h14	2	9
081_MJB2351_6ul_GA1_01_22269.mzML	Eremophila_rostrata_trifida_MJB2351	1	1	0	NA	0	g	ag	1	15.6
083_MJB2353_6ul_GA3_01_22271.mzML	Eremophila_koobabiensis_MJB2353	0	1	0	0	1	h3	h3	1	12.3
086_MJB2356_6ul_GA6_01_22274.mzML	Eremophila_subteretifolia_MJB2356	1	1	0	1	1	h14	h14	2	11.4
088_MJB2358_6ul_GA8_01_22276.mzML	Eremophila_ternifolia_MJB2358	0	0	0	NA	0	h3	h3	1	13.5
089_MJB2359_6ul_GB1_01_22277.mzML	Eremophila_virens_MJB2359	1	1	0	1	1	h14	h14	1	11.7
090_MJB2360_6ul_GB2_01_22278.mzML	Eremophila_viscida_MJB2360	1	1	0	0	0	h13	h	1	11.6
092_MJB2362_6ul_GB4_01_22280.mzML	Eremophila_ciliata_MJB2362	1	0	0	NA	0	h13	h	2	12.9
093_MJB2363_6ul_GB5_01_22281.mzML	Eremophila_scaberula_MJB2363	1	0	0	1	1	h14	h14	2	13
094_MJB2364_6ul_GB6_01_22282.mzML	Eremophila_verticillata_MJB2364	0	0	0	NA	1	h3	h3	2	11.7
095_MJB2365_6ul_GB7_01_22283.mzML	Eremophila_denticulata_trisulcata_MJB2365	1	1	0	1	0	h14	h14	2	12.5
096_MJB2366_6ul_GB8_01_22284.mzML	Eremophila_abietina_ciliata_MJB2366	1	1	0	0	0	h11	h11	1	14.6
097_MJB2367_6ul_GC1_01_22285.mzML	Eremophila_aureivisca_MJB2367	1	0	0	1	0	h13	h	1	11.8
098_MJB2368_6ul_GC2_01_22286.mzML	Eremophila_reticulata_MJB2368	1	0	0	NA	1	h11	h11	1	8.9
099_MJB2369_6ul_GC3_01_22287.mzML	Eremophila_hillii_MJB2369	0	1	0	0	1	h14	h14	1	13.4
100_MJB2370_6ul_GC4_01_22288.mzML	Eremophila_conferta_MJB2370	0	0	0	NA	1	h10	h10	1	11.8
101_MJB2371_6ul_GC5_01_22291.mzML	Eremophila_eriocalyx_MJB2371	0	0	0	NA	1	h10	h10	1	13.7
102_MJB2372_6ul_GC6_01_22292.mzML	Eremophila_muelleriana_MJB2372	0	0	0	0	1	h10	h10	1	10.4
104_MJB2374_6ul_GC8_01_22294.mzML	Eremophila_grandiflora_MJB2374	1	1	0	NA	1	h11	h11	1	15.3
105_MJB2375_6ul_GD1_01_22295.mzML	Eremophila_canaliculata_MJB2375	0	0	0	0	1	h12	h12	1	14.4
106_RMF292_6ul__GD2_01_22296.mzML	Eremophila_lucida_RMF292	1	1	0	1	0	h13	h	1	15.3
108_MJB2378_6ul_GD4_01_22298.mzML	Eremophila_fasciata_MJB2378	0	0	0	NA	1	h1	h	1	12.2
109_MJB2379_6ul_GD5_01_22299.mzML	Eremophila_caperata_MJB2379	1	0	0	NA	1	h7	h	1	12.6
110_MJB2380_6ul_GD6_01_22300.mzML	Eremophila_micrantha_MJB2380	1	0	0	NA	0	h13	h	1	15.8
112_MJB2382_6ul_GD8_01_22302.mzML	Eremophila_pallida_MJB2382	1	0	0	NA	1	h12	h12	1	17.7
113_MJB2383_6ul_GE1_01_22303.mzML	Diocirea_microphylla_MJB2383	1	0	0	NA	1	h3	h3	1	19.8
114_MJB2384_6ul_GE2_01_22304.mzML	Eremophila_deserti_MJB2384	1	0	0	0	0	d	ag	0	13.8
115_MJB2385_6ul_GE3_01_22305.mzML	Eremophila_rigida_MJB2385	0	0	0	NA	1	h11	h11	1	13.8
118_MJB2388_6ul_GE6_01_22308.mzML	Eremophila_miniata_MJB2388	1	1	0	0	1	h10	h10	1	12.7
119_MJB2389_6ul_GE7_01_22309.mzML	Eremophila_occidens_MJB2389	0	0	0	NA	1	h10	h10	1	10.8
120_MJB2390_6ul_GE8_01_22310.mzML	Eremophila_cryptothrix_MJB2390	1	0	0	NA	0	h11	h11	1	14.3
122_MJB2392_6ul_BA2_01_22314.mzML	Eremophila_homoplastica_MJB2392	0	0	0	NA	1	h10	h10	1	12.6
123_MJB2393_6ul_BA3_01_22315.mzML	Eremophila_perglandulosa_MJB2393	0	0	0	NA	1	0	h	1	12.3
124_MJB2394_6ul_BA4_01_22316.mzML	Eremophila_veronica_MJB2394	0	0	0	0	1	h3	h3	1	10.5
125_MJB2395_6ul_BA5_01_22317.mzML	Eremophila_oldfieldii_oldfieldii_MJB2395	1	1	0	NA	1	0	h	1	11.8
126_MJB2396_6ul_BA6_01_22318.mzML	Eremophila_warnesii_MJB2396	0	0	0	NA	1	h1	h	1	11.6
127_MJB2397_6ul_BA7_01_22319.mzML	Eremophila_maitlandii_MJB2397	0	0	0	NA	1	h10	h10	1	13.8
128_MJB2398_6ul_BA8_01_22320.mzML	Eremophila_magnifica_magnifica_MJB2398	0	0	0	NA	1	0	h	1	14.3
129_MJB2399_6ul_BB1_01_22321.mzML	Eremophila_prolata_MJB2399	1	0	0	NA	1	h11	h11	1	16.5
130_MJB2400_6ul_BB2_01_22322.mzML	Eremophila_platycalyx_platycalyx_MJB2400	0	1	0	NA	1	h11	h11	1	13.6
131_MJB2401_6ul_BB3_01_22323.mzML	Eremophila_oppositifolia_angustifolia_MJB2401	0	1	0	NA	1	h9	h	1	16.5
132_MJB2402_6ul_BB4_01_22324.mzML	Eremophila_scoparia_MJB2402	0	0	0	0	0	h3	h3	1	14.3
134_MJB2404_6ul_BB6_01_22326.mzML	Eremophila_serrulata_MJB2404	1	1	0	1	1	h14	h14	1	10.9
135_MJB2405_6ul_BB7_01_22327.mzML	Eremophila_forrestii_forrestii_MJB2405	0	1	0	0	1	h10	h10	1	12.2
136_MJB2406_6ul_BB8_01_22328.mzML	Eremophila_exilifolia_MJB2406	1	0	0	NA	1	0	h	1	13.8
137_MJB2407_6ul_BC1_01_22329.mzML	Eremophila_punicea_MJB2407	0	1	0	0	1	h10	h10	1	19.4
139_MJB2409_6ul_BC3_01_22331.mzML	Eremophila_foliosissima_MJB2409	1	0	0	NA	1	h12	h12	1	14.8
140_MJB2410_6ul_BC4_01_22332.mzML	Eremophila_georgei_MJB2410	1	0	0	1	1	h12	h12	1	12.9
141_MJB2411_6ul_BC5_01_22335.mzML	Eremophila_pantonii_MJB2411	0	0	0	0	0	h3	h3	1	17.3
142_MJB2412_6ul_BC6_01_22336.mzML	Eremophila_longifolia_MJB2412	0	1	1	1	1	h5	h	0	16.3
143_MJB2413_6ul_BC7_01_22337.mzML	Eremophila_macmillaniana_MJB2413	1	1	0	NA	1	h11	h11	1	11.5
144_MJB2414_6ul_BC8_01_22338.mzML	Eremophila_glutinosa_MJB2414	1	0	0	NA	1	h12	h12	1	13.7
145_MJB2415_6ul_BD1_01_22339.mzML	Eremophila_spathulata_MJB2415	0	0	0	NA	1	h11	h11	1	15.5
146_MJB2416_6ul_BD2_01_22340.mzML	Eremophila_jucunda_jucunda_MJB2416	0	0	0	0	1	h10	h10	1	14.4
147_MJB2417_6ul_BD3_01_22341.mzML	Eremophila_lachnocalyx_MJB2417	0	0	0	0	1	0	h	1	10.3
148_MJB2418_6ul_BD4_01_22342.mzML	Eremophila_phyllopoda_phyllopoda_MJB2418	1	0	0	NA	1	h11	h11	1	15.1
149_MJB2419_6ul_BD5_01_22343.mzML	Eremophila_retropila_MJB2419	0	0	0	NA	1	0	h	1	10.7
150_MJB2420_6ul_BD6_01_22344.mzML	Eremophila_linearis_MJB2420	1	1	0	1	0	h4	h	1	14.6
151_MJB2421_6ul_BD7_01_22345.mzML	Eremophila_latrobei_latrobei_MJB2421	0	1	1	1	1	h10	h10	1	18.1
152_MJB2422_6ul_BD8_01_22346.mzML	Eremophila_spuria_MJB2422	1	0	0	NA	0	h12	h12	1	13.9
153_MJB2423_6ul_BE1_01_22347.mzML	Eremophila_flabellata_MJB2423	1	0	0	NA	1	h12	h12	1	16.6
154_MJB2424_6ul_BE2_01_22348.mzML	Eremophila_malacoides_MJB2424	0	0	0	NA	1	h3	h3	1	15.6
155_MJB2425_6ul_BE3_01_22349.mzML	Eremophila_margarethae_MJB2425	1	0	0	NA	1	h10	h10	1	16.2
156_MJB2426_6ul_BE4_01_22350.mzML	Eremophila_spectabilis_brevis_MJB2426	1	0	0	NA	1	h12	h12	1	18.7
157_MJB2427_6ul_BE5_01_22351.mzML	Eremophila_enata_MJB2427	1	0	0	NA	1	h12	h12	1	16.5
158_MJB2428_6ul_BE6_01_22352.mzML	Eremophila_falcata_MJB2428	1	0	0	NA	0	h7	h	1	15.4
160_MJB2430_6ul_BE8_01_22354.mzML	Eremophila_gilesii_gilesii_MJB2430	1	0	1	NA	1	h12	h12	1	16.8
161_MJB2431_6ul_GA1_01_22357.mzML	Eremophila_platythamnos_platythamnos_MJB2431	1	0	0	1	0	h6	h	1	14.6
163_MJB2433_6ul_GA3_01_22359.mzML	Eremophila_pungens_MJB2433	1	0	0	NA	1	h12	h12	1	13.4
164_MJB2434_6ul_GA4_01_22360.mzML	Eremophila_alternifolia_MJB2434	0	1	1	1	0	g	ag	1	14.6
166_MJB2436_6ul_GA6_01_22362.mzML	Eremophila_citrina_MJB2436	0	0	0	NA	1	h10	h10	1	15.9
167_MJB2437_6ul_GA7_01_22363.mzML	Eremophila_glabra_glabra_MJB2437	1	1	0	1	1	h14	h14	1	11.4
169_MJB2439_6ul_GB1_01_22365.mzML	Eremophila_punctata_MJB2439	1	0	0	NA	0	h12	h12	1	13.7
170_MJB2440_6ul_GB2_01_22366.mzML	Eremophila_cuneifolia_MJB2440	1	0	1	1	1	h11	h11	1	15.6
171_MJB2441_6ul_GB3_01_22367.mzML	Eremophila_youngii_youngii_MJB2441	0	1	0	0	0	h3	h3	1	10.6
172_MJB2442_6ul_GB4_01_22368.mzML	Eremophila_annoscaulis_MJB2442	1	0	0	NA	1	h12	h12	1	13.7
174_MJB2444_6ul_GB6_01_22370.mzML	Eremophila_hughesii_MJB2444	1	0	0	NA	0	h12	h12	1	15.1
175_MJB2445_6ul_GB7_01_22371.mzML	Eremophila_ramiflora_MJB2445	1	1	0	NA	1	h11	h11	1	14.5
176_MJB2446_6ul_GB8_01_22372.mzML	Eremophila_miniata_MJB2446	1	1	0	0	1	h10	h10	1	16.3
177_MJB2447_6ul_GC1_01_22373.mzML	Eremophila_galeata_MJB2447	1	1	0	1	1	h11	h11	1	13.1
178_MJB2448_6ul_GC2_01_22374.mzML	Eremophila_campanulata_MJB2448	0	0	0	NA	1	h10	h10	1	17.1
179_MJB2449_6ul_GC3_01_22375.mzML	Eremophila_shonae_diffusa_MJB2449	1	0	0	NA	0	h12	h12	1	13.7
180_MJB2450_6ul_GC4_01_22376.mzML	Eremophila_simulans_simulans_MJB2450	1	0	0	NA	1	h12	h12	1	16.3
181_MJB2451_6ul_GC5_01_22379.mzML	Eremophila_abietina_abietina_MJB2451	1	1	0	NA	0	h11	h11	1	16.1
182_MJB2452_6ul_GC6_01_22380.mzML	Eremophila_metallicorum_MJB2452	1	0	0	NA	1	h12	h12	1	12.1
183_MJB2453_6ul_GC7_01_22381.mzML	Eremophila_oldfieldii_angustifolia_MJB2453	1	1	0	0	1	0	h	1	15.3
184_MJB2454_6ul_GC8_01_22382.mzML	Eremophila_hygrophana_MJB2454	0	0	0	0	1	h1	h	1	10.3
185_MJB2455_6ul_GD1_01_22383.mzML	Eremophila_glandulifera_MJB2455	0	1	0	NA	1	h10	h10	1	11.2
186_MJB2456_6ul_GD2_01_22384.mzML	Eremophila_decipiens_decipiens_MJB2456	1	1	0	1	1	h14	h14	1	11.4
188_MJB2458_6ul_GD4_01_22386.mzML	Eremophila_pustulata_MJB2458	0	0	0	NA	0	h3	h3	1	14.7
189_MJB2459_6ul_GD5_01_22387.mzML	Eremophila_granitica_MJB2459	1	0	0	NA	1	h12	h12	1	11.7
191_MJB2461_6ul_GD7_01_22389.mzML	Eremophila_ionantha_MJB2461	1	0	0	1	0	h3	h3	1	13.4
192_MJB2462_6ul_GD8_01_22390.mzML	Eremophila_maculata_brevifolia_MJB2462	0	1	1	0	1	h8	h	1	13
194_RMF03_6ul_GE2_01_22392.mzML	Eremophila_subfloccosa_subfloccosa_RMF03	1	1	0	1	1	h14	h14	1	12.5
195_RMF05_6ul_GE3_01_22393.mzML	Eremophila_bowmannii_bowmannii_RMF05	0	0	0	0	1	h10	h10	1	9.4
196_RMF12_6ul_GE4_01_22394.mzML	Eremophila_mitchellii_RMF12	1	0	1	0	0	h2	h	0	10
197_RMF13_6ul_GE5_01_22395.mzML	Eremophila_willsii_integrifolia_RMF13	1	0	0	NA	0	h12	h12	1	13.7
198_RMF17_6ul_GE6_01_22396.mzML	Eremophila_weldii_RMF17	0	0	0	0	0	h3	h3	1	10.4
199_RMF23_6ul_GE7_01_22397.mzML	Eremophila_dalyana_RMF23	0	0	1	NA	0	h3	h3	1	13.4
200_RMF25_6ul_GE8_01_22398.mzML	Myoporum_parvifolium_RMF25	0	0	0	NA	0	a	ag	3	7.4
204_RMF29_6ul_BA4_01_22404.mzML	Myoporum_caprarioides_RMF29	1	0	0	NA	0	a	ag	2	13.4
206_RMF31_6ul_BA6_01_22406.mzML	Myoporum_montanum_RMF31	0	0	1	1	0	a	ag	0	16.7
207_RMF32_6ul_BA7_01_22407.mzML	Myoporum_petiolatum_RMF32	1	0	0	NA	0	a	ag	3	15.8
209_RMF35_6ul_BB1_01_22409.mzML	Myoporum_platycarpum_platycarpum_RMF35	1	0	1	NA	0	f	ag	0	9.5
210_RMF36_6ul_BB2_01_22410.mzML	Eremophila_saligna_RMF36	1	0	0	0	0	g	ag	1	9.8
212_RMF38_6ul_BB4_01_22412.mzML	Myoporum_betcheanum_RMF38	0	0	0	NA	1	a	ag	3	11.9
215_RMF42_6ul_BB7_01_22415.mzML	Myoporum_bateae_RMF42	1	0	0	NA	0	a	ag	3	11.1
218_RMF45_6ul_BC2_01_22418.mzML	Myoporum_acuminatum_RMF45	0	0	1	1	0	a	ag	0	16.7
219_RMF46_6ul_BC3_01_22419.mzML	Myoporum_boninense_complete_RMF46	1	0	0	NA	0	a	ag	0	11.9
221_TMS14.08_6ul_BC5_01_22423.mzML	Eremophila_maculata_maculata_TMS1408	0	1	1	NA	0	h8	h	0	14.6
222_TMS14.13_6ul_BC6_01_22424.mzML	Eremophila_scoparia_TMS1413	0	0	0	0	0	h3	h3	1	11.1
227_TMS14.11_6ul_BD3_01_22429.mzML	Eremophila_crassifolia_TMS1411	0	0	0	NA	0	c	ag	3	13.4
228_RMF210_6ul_BD4_01_22430.mzML	Diocirea_violacea_RMF210	1	0	0	NA	1	h3	h3	1	14.5
229_RMF211_6ul_BD5_01_22431.mzML	Eremophila_compressa_RMF211	1	0	0	NA	1	0	h	2	10.8
230_RMF220_6ul_BD6_01_22432.mzML	Calamphoreus_inflatus_RMF220	1	0	0	NA	0	h13	h	1	15.8
231_RMF213_6ul_BD7_01_22433.mzML	Eremophila_calorhabdos_RMF213	1	1	0	1	1	h14	h14	1	10.7
232_RMF214_6ul_BD8_01_22434.mzML	Glycocystis_beckeri_RMF214	1	0	0	NA	0	f	ag	2	15.5
233_RMF215_6ul_BE1_01_22435.mzML	Eremophila_glabra_albicans_RMF215	1	1	0	NA	1	h14	h14	1	10.6
235_RMF217_6ul_BE3_01_22437.mzML	Eremophila_densifolia_pubiflora_RMF217	1	0	0	NA	1	h3	h3	2	12.5
236_RMF218_6ul_BE4_01_22438.mzML	Eremophila_chamaephila_RMF218	0	0	0	NA	0	h3	h3	2	16.3
238_RMF227_6ul_BE6_01_22440.mzML	Eremophila_divaricata_divaricata_RMF227	0	0	0	0	1	h3	h3	1	6.5
239_RMF261_6ul_BE7_01_22441.mzML	Eremophila_serrulata_RMF261	1	1	0	1	1	h14	h14	1	7.4
242_RMF260_6ul_GA2_01_22446.mzML	Myoporum_brevipes_RMF260	0	0	0	NA	0	a	ag	1	7.5
249_RMF247_6ul_GB1_01_22453.mzML	Eremophila_alternifolia_RMF247	0	1	1	1	0	g	ag	1	10.3
250_RMF248_6ul_GB2_01_22454.mzML	Eremophila_freelingii_RMF248	1	0	1	1	1	h11	h11	1	9.4
251_RMF236_6ul_GB3_01_22455.mzML	Eremophila_bignoniiflora_RMF236	0	1	1	0	0	d	ag	0	16.2
252_RMF258_6ul_GB4_01_22456.mzML	Eremophila_behriana_RMF258	0	0	0	NA	1	c	ag	3	8.4
253_RMF250_6ul_GB5_01_22457.mzML	Eremophila_duttonii_RMF250	1	1	1	1	1	h4	h	1	9.6
254_RMF263_6ul_GB6_01_22458.mzML	Eremophila_densifolia_capitata_RMF263	1	0	0	0	1	h3	h3	1	12.6
260_MJB2483_6ul_GC4_01_22464.mzML	Eremophila_duttonii_MJB2483	1	1	0	1	1	h4	h	1	9
262_RMF281_6ul_GC6_01_22467.mzML	Myoporum_insulare_RMF281	1	0	1	1	0	a	ag	0	11.8
263_RMF290_6ul_GC7_01_22468.mzML	Eremophila_debilis_RMF290	0	0	1	0	0	b	ag	0	4.5
264_BB35_6ul_GC8_01_22469.mzML	Eremophila_gilesii_variabilis_BB35	1	0	1	NA	1	h12	h12	1	10.4
268_MJB2484_6ul_GD4_01_22473.mzML	Eremophila_maculata_maculata_MJB2484	0	1	1	NA	0	h8	h	0	13.1
273_RMF280_6ul_GE1_01_22478.mzML	Myoporum_petiolatum_RMF280	1	0	0	NA	0	a	ag	3	8.4
275_MJB2481_6ul_GE3_01_22480.mzML	Eremophila_gilesii_gilesii_MJB2481	1	0	1	NA	1	h12	h12	1	10.2
277_RMF289_6ul_GE5_01_22482.mzML	Eremophila_debilis_RMF289	0	0	1	0	0	b	ag	0	7.5
279_RMF246_6ul_GE7_01_22484.mzML	Eremophila_fallax_RMF246	1	0	0	NA	0	d	ag	1	10.9
283_RMF228_6ul_BA3_01_22490.mzML	Eremophila_deserti_RMF228	1	0	0	0	0	d	ag	0	16.9
288_RMF249_6ul_BA8_01_22495.mzML	Eremophila_scoparia_RMF249	0	0	0	0	0	h3	h3	1	15.6
290_BB02_6ul_BB2_01_22497.mzML	Eremophila_freelingii_BB02	1	0	1	1	1	h11	h11	1	9.3
291_RMF265_6ul_BB3_01_22498.mzML	Eremophila_macdonnellii_RMF265	0	0	0	0	1	0	h	1	8.5
293_RMF288_6ul_BB5_01_22500.mzML	Leucophyllum_fruitescens_RMF288	0	0	0	NA	1	o	o	5	9.3
295_NTBG061301_6ul_BB7_01_22502.mzML	Myoporum_sandwicense_NTBG061301	0	0	1	NA	1	a	ag	5	5.6
297_RMF267_6ul_BC1_01_22504.mzML	Eremophila_prostrata_RMF267	1	0	0	0	0	h12	h12	1	1.6
301_BB17_6ul_BC5_01_22510.mzML	Eremophila_tietkensii_BB17	0	0	0	0	1	h11	h11	1	11.6
302_RMF284_6ul_BC6_01_22511.mzML	Eremophila_arbuscula_RMF284	0	0	0	0	1	0	h	1	14.2
303_MJB2559_6ul_BC7_01_22512.mzML	Eremophila_gibbifolia_MJB2559	0	0	0	0	0	e	ag	3	6.4
305_RMF277_6ul_BD1_01_22514.mzML	Eremophila_oppositifolia_rubra_RMF277	0	1	0	NA	1	h9	h	1	18.6
306_RMF259_6ul_BD2_01_22515.mzML	Eremophila_gibbifolia_RMF259	0	0	0	0	0	e	ag	3	4
307_BB06_6ul_BD3_01_22516.mzML	Eremophila_rotundifolia_BB06	0	0	0	NA	1	h11	h11	1	12
308_RMF129_6ul_BD4_01_22517.mzML	Eremophila_neglecta_RMF129	1	1	1	1	1	h2	h	1	14.5
309_RMF130_6ul_BD5_01_22518.mzML	Eremophila_congesta_RMF130	0	0	0	NA	1	h10	h10	1	10.5
310_RMF131_6ul_BD6_01_22519.mzML	Diocirea_violacea_RMF131	1	0	0	NA	1	h3	h3	1	18.4
311_RMF132_6ul_BD7_01_22520.mzML	Eremophila_caerulea_merrallii_RMF132	0	0	0	NA	1	h3	h3	1	12.6
312_RMF133_6ul_BD8_01_22521.mzML	Eremophila_microtheca_RMF133	1	0	0	1	1	h14	h14	1	12.3
313_RMF134_6ul_BE1_01_22522.mzML	Eremophila_conglomerata_RMF134	1	0	0	NA	1	h12	h12	1	21.1
314_RMF135_6ul_BE2_01_22523.mzML	Eremophila_compacta_fecunda_RMF135	0	0	0	NA	1	h10	h10	1	18.5
315_RMF136_6ul_BE3_01_22524.mzML	Eremophila_duttonii_RMF136	1	1	1	1	1	h4	h	1	13.2
317_RMF139_6ul_BE5_01_22526.mzML	Eremophila_rigens_RMF139	0	0	0	NA	1	h10	h10	1	8.7
318_RMF140_6ul_BE6_01_22527.mzML	Eremophila_calcicola_RMF140	0	1	0	NA	0	h14	h14	1	17.7
319_RMF141_6ul_BE7_01_22528.mzML	Eremophila_physocalyx_RMF141	0	0	0	NA	1	h10	h10	1	15.4
320_RMF142_6ul_BE8_01_22529.mzML	Eremophila_forrestii_capensis_RMF142	0	1	0	NA	1	h10	h10	1	8.2
321_RMF143_6ul_GA1_01_22532.mzML	Eremophila_complanata_RMF143	1	0	0	1	1	h14	h14	1	16.7
322_RMF144_6ul_GA2_01_22533.mzML	Eremophila_interstans_RMF144	1	0	0	1	0	h13	h	1	13.8
323_RMF145_6ul_GA3_01_22534.mzML	Eremophila_paisleyi_paisleyi_RMF145	1	0	1	NA	0	h7	h	1	16.2
324_RMF146_6ul_GA4_01_22535.mzML	Eremophila_undulata_RMF146	0	1	0	1	1	h14	h14	1	17.9
325_RMF147_6ul_GA5_01_22536.mzML	Eremophila_arachnoides_tenera_RMF147	0	0	0	0	0	h3	h3	1	22
326_RMF148_6ul_GA6_01_22537.mzML	Eremophila_delisseri_RMF148	0	0	0	0	1	h3	h3	1	19.4
327_RMF149_6ul_GA7_01_22538.mzML	Eremophila_dendritica_RMF149	0	0	0	NA	1	h3	h3	1	12.9
328_RMF150_6ul_GA8_01_22539.mzML	Eremophila_decussata_RMF150	0	0	0	NA	1	h3	h3	1	7.9
329_RMF151_6ul_GB1_01_22540.mzML	Eremophila_glabra_verrucosa_RMF151	1	1	0	NA	1	h14	h14	1	4.1
330_RMF152_6ul_GB2_01_22541.mzML	Eremophila_bowmanii_nutans_RMF152	0	0	0	NA	1	h10	h10	1	11.2
331_RMF153_6ul_GB3_01_22542.mzML	Eremophila_glabra_carnosa_RMF153	0	1	0	0	1	h14	h14	1	13.8
337_RMF159_6ul_GC1_01_22548.mzML	Eremophila_mackinlayi_mackinlayi_RMF159	0	0	0	0	1	h1	h	1	10.6
338_RMF160_6ul_GC2_01_22549.mzML	Eremophila_platythamnos_exotrachys_RMF160	1	0	0	1	1	h6	h	1	14.3
339_RMF161_6ul_GC3_01_22550.mzML	Eremophila_flaccida_attenuata_RMF161	1	1	0	NA	0	h11	h11	1	11
340_RMF162_6ul_GC4_01_22551.mzML	Eremophila_arachnoides_arachnoides_RMF162	0	0	0	NA	0	h3	h3	1	19.6
341_RMF163_6ul_GC5_01_22554.mzML	Eremophila_splendens_RMF163	0	1	0	0	1	h14	h14	1	16.8
342_RMF181_6ul_GC6_01_22555.mzML	Eremophila_battii_GranitePeaks_RMF181	0	0	0	NA	0	h12	h12	1	17.6
343_RMF165_6ul_GC7_01_22556.mzML	Eremophila_compacta_compacta_RMF165	0	0	0	0	1	h10	h10	1	7.1
344_RMF166_6ul_GC8_01_22557.mzML	Eremophila_maculata_filifolia_RMF166	0	1	1	NA	1	h8	h	1	8
345_RMF168_6ul_GD1_01_22558.mzML	Eremophila_purpurascens_RMF168	1	1	0	0	0	g	ag	1	15.1
346_RMF169_6ul_GD2_01_22559.mzML	Eremophila_platycalyx_Leonora_RMF169	0	1	0	NA	1	h11	h11	1	21.5
349_RMF172_6ul_GD5_01_22562.mzML	Eremophila_rugosa_RMF172	1	0	0	1	1	h14	h14	1	16
350_RMF173_6ul_GD6_01_22563.mzML	Eremophila_brevifolia_RMF173	0	0	0	0	0	h14	h14	2	13
351_RMF174_6ul_GD7_01_22564.mzML	Eremophila_arenaria_RMF174	1	0	0	NA	1	h13	h	1	13.3
352_RMF175_6ul_GD8_01_22565.mzML	Eremophila_tetraptera_RMF175	1	1	0	1	0	c	ag	1	13.8
353_RMF176_6ul_GE1_01_22566.mzML	Eremophila_papillata_RMF176	1	0	0	NA	1	h14	h14	1	16
355_RMF178_6ul_GE3_01_22568.mzML	Eremophila_goodwinii_ecapitata_RMF178	1	0	1	NA	1	h12	h12	1	16
356_RMF179_6ul_GE4_01_22569.mzML	Eremophila_elderi_RMF179	1	0	1	NA	1	h12	h12	1	19.8
358_RMF183_6ul_GE6_01_22571.mzML	Eremophila_macgillivrayi_RMF183	0	1	0	NA	1	0	h	1	14.7
359_RMF184_6ul_GE7_01_22572.mzML	Eremophila_glabra_York_RMF184	1	1	0	NA	1	h14	h14	1	14.9
360_RMF185_6ul_GE8_01_22573.mzML	Eremophila_lehmanniana_RMF185	1	0	0	1	0	h14	h14	2	19.6
361_RMF186_6ul_BA1_01_22576.mzML	Eremophila_philipsii_RMF186	1	0	0	1	0	h14	h14	1	13
362_RMF187_6ul_BA2_01_22577.mzML	Eremophila_rugosa_RMF187	1	0	0	1	1	h14	h14	1	8.6
363_RMF188_6ul_BA3_01_22578.mzML	Eremophila_biserrata_RMF188	1	1	0	1	1	h14	h14	1	15.4
364_RMF189_6ul_BA4_01_22579.mzML	Eremophila_racemosa_RMF189	0	1	0	0	0	h8	h	1	13.4
365_RMF190_6ul_BA5_01_22580.mzML	Eremophila_decipiens_decipiens_RMF190	1	1	0	1	1	h14	h14	1	19
366_RMF191_6ul_BA6_01_22581.mzML	Eremophila_clavata_RMF191	1	0	0	0	1	h3	h3	1	21.6
367_RMF192_6ul_BA7_01_22582.mzML	Eremophila_dempsteri_RMF192	1	0	0	0	0	h13	h	1	21.2
369_RMF194_6ul_BB1_01_22584.mzML	Eremophila_scoparia_RMF194	0	0	0	0	0	h3	h3	1	17.5
371_RMF196_6ul_BB3_01_22586.mzML	Eremophila_gibbosa_RMF196	1	1	0	1	0	h14	h14	1	11.3
374_RMF200_6ul_BB6_01_22589.mzML	Eremophila_parvifolia_auricampa_RMF200	0	0	0	NA	1	h3	h3	1	19
375_RMF201_6ul_BB7_01_22590.mzML	Eremophila_dichroantha_RMF201	1	0	0	NA	0	h13	h	2	13
376_RMF202_6ul_BB8_01_22591.mzML	Eremophila_alternifolia_broad_RMF202	0	1	1	1	0	g	ag	1	20.2
377_RMF203_6ul_BC1_01_22592.mzML	Eremophila_oblonga_RMF203	0	0	0	NA	1	h3	h3	1	20.3
378_RMF204_6ul_BC2_01_22593.mzML	Eremophila_deserti_RMF204	1	0	0	0	0	d	ag	0	12.2
379_RMF205_6ul_BC3_01_22594.mzML	Eremophila_subfloccosa_glandulosa_RMF205	1	1	0	1	1	h14	h14	0	10
380_RMF209_6ul_BC4_01_22595.mzML	Myoporum_tetrandrum_RMF209	1	0	0	NA	0	a	ag	2	17.6
381_NG6475_6ul_BC5_01_22598.mzML	Eremophila_pterocarpa_pterocarpa_NG6475	0	1	0	0	1	h10	h10	1	11.7
382_NG6477_6ul_BC6_01_22599.mzML	Eremophila_latrobei_latrobei_NG6477	0	1	1	1	1	h10	h10	1	10.4
383_BB32_6ul_BC7_01_22600.mzML	Eremophila_phyllopoda_obliqua_BB32	1	0	0	NA	1	h11	h11	1	15.3
386_BB48_6ul_BD2_01_22603.mzML	Eremophila_ballythunensis_BB48	0	0	0	NA	1	h10	h10	1	10.6
388_BB55_6ul_BD4_01_22605.mzML	Eremophila_pensilis_BB55	0	0	0	NA	1	h10	h10	1	10
392_RMF225_6ul_BD8_01_22609.mzML	Eremophila_longifolia_RMF225	0	1	1	1	1	h5	h	0	13.3
394_RMF231_6ul_BE2_01_22611.mzML	Eremophila_scoparia_RMF231	0	0	0	0	0	h3	h3	1	12.3
396_RMF232_6ul_BE4_01_22613.mzML	Eremophila_polyclada_RMF232	1	0	0	0	0	d	ag	1	12.1
397_RMF233_6ul_BE5_01_22614.mzML	Eremophila_maculata_maculata_RMF233	0	1	1	NA	0	h8	h	0	15.2
398_RMF234_6ul_BE6_01_22615.mzML	Eremophila_sturtii_RMF234	1	0	1	1	0	h7	h	1	15.3
399_RMF241_6ul_BE7_01_22616.mzML	Eremophila_longifolia_RMF241	0	1	1	1	1	h5	h	0	16.1
401_RMF243_6ul_GA1_01_22620.mzML	Eremophila_fallax_RMF243	1	0	0	NA	0	d	ag	1	15.2
403_RMF251_6ul_GA3_01_22622.mzML	Eremophila_glabra_glabra_RMF251	1	1	0	1	1	h14	h14	1	12.8
404_RMF252_6ul_GA4_01_22623.mzML	Eremophila_praecox_RMF252	1	0	0	NA	1	h3	h3	1	15.1
405_RMF253_6ul_GA5_01_22624.mzML	Eremophila_subfloccosa_lanata_RMF253	1	1	0	0	1	h14	h14	1	13.5
406_RMF254_6ul_GA6_01_22625.mzML	Eremophila_weldii_RMF254	0	0	0	0	0	h3	h3	1	15
408_RMF268_6ul_GA8_01_22627.mzML	Eremophila_latrobei_glabra_RMF268	0	1	1	NA	1	h10	h10	1	14.6
409_RMF274_6ul_GB1_01_22628.mzML	Eremophila_paisleyi_glandulosa_RMF274	1	0	1	NA	0	h7	h	1	14.9
410_RMF275_6ul_GB2_01_22629.mzML	Leucophyllum_fruitescens_RMF275	0	0	0	NA	1	o	o	5	12.8
411_RMF286_6ul_GB3_01_22630.mzML	Leucophyllum_zygophyllum_RMF286	0	0	0	NA	1	o	o	5	14.5
50MeCN2ppmfrsk_6ul_RA5_01_22267.mzML	QC	QC	QC	QC	QC	QC	QC	QC	QC	QC
50MeCN2ppmfrsk_6ul_RA5_01_22289.mzML	QC	QC	QC	QC	QC	QC	QC	QC	QC	QC
50MeCN2ppmfrsk_6ul_RA5_01_22311.mzML	QC	QC	QC	QC	QC	QC	QC	QC	QC	QC
50MeCN2ppmfrsk_6ul_RA5_01_22333.mzML	QC	QC	QC	QC	QC	QC	QC	QC	QC	QC
50MeCN2ppmfrsk_6ul_RA5_01_22355.mzML	QC	QC	QC	QC	QC	QC	QC	QC	QC	QC
50MeCN2ppmfrsk_6ul_RA5_01_22377.mzML	QC	QC	QC	QC	QC	QC	QC	QC	QC	QC
50MeCN2ppmfrsk_6ul_RA5_01_22399.mzML	QC	QC	QC	QC	QC	QC	QC	QC	QC	QC
50MeCN2ppmfrsk_6ul_RA5_01_22421.mzML	QC	QC	QC	QC	QC	QC	QC	QC	QC	QC
50MeCN2ppmfrsk_6ul_RA5_01_22443.mzML	QC	QC	QC	QC	QC	QC	QC	QC	QC	QC
50MeCN2ppmfrsk_6ul_RA5_01_22486.mzML	QC	QC	QC	QC	QC	QC	QC	QC	QC	QC
50MeCN2ppmfrsk_6ul_RA5_01_22508.mzML	QC	QC	QC	QC	QC	QC	QC	QC	QC	QC
50MeCN2ppmfrsk_6ul_RA5_01_22530.mzML	QC	QC	QC	QC	QC	QC	QC	QC	QC	QC
50MeCN2ppmfrsk_6ul_RA5_01_22552.mzML	QC	QC	QC	QC	QC	QC	QC	QC	QC	QC
50MeCN2ppmfrsk_6ul_RA5_01_22574.mzML	QC	QC	QC	QC	QC	QC	QC	QC	QC	QC
50MeCN2ppmfrsk_6ul_RA5_01_22596.mzML	QC	QC	QC	QC	QC	QC	QC	QC	QC	QC
50MeCN2ppmfrsk_6ul_RA5_01_22618.mzML	QC	QC	QC	QC	QC	QC	QC	QC	QC	QC
50MeCN2ppmfrsk_6ul_RA5_01_22644.mzML	QC	QC	QC	QC	QC	QC	QC	QC	QC	QC
50MeCN2ppmfrsk_6ul_RA5_01_22673.mzML	QC	QC	QC	QC	QC	QC	QC	QC	QC	QC
B..daphnoides.FTBG64271_GC5_01_27463.mzML	Bontia_daphnoides_FTBG64271	NA	1	1	NA	0	d	ag	5	15
